
SET REFERENTIAL_INTEGRITY FALSE;

DELETE FROM "Ingredient_Allergen" WHERE "Ingredient_Allergen"."ingredient_id" <= 190;
DELETE FROM "Ingredient_Nutrition" WHERE "Ingredient_Nutrition"."ingredient_id" <= 190;
DELETE FROM "Nutrition" WHERE "Nutrition"."id" <= 11;
DELETE FROM "Ingredient" WHERE "Ingredient"."id" <= 190;
DELETE FROM "Allergen" WHERE "Allergen"."id" IN ('A', 'B', 'C', 'D', 'E', 'F', 'G', 'H', 'L', 'M', 'N', 'O', 'P', 'R');

INSERT INTO "Allergen" ("id", "name", "description") VALUES
    ('A', 'Glutenhaltiges Getreide', 'Weizen, Roggen, Gerste, Hafer, Dinkel, Kamut oder Hybridstämme davon'),
    ('B', 'Krebstiere', NULL),
    ('C', 'Eier', NULL),
    ('D', 'Fische', NULL),
    ('E', 'Erdnüsse', NULL),
    ('F', 'Soja', NULL),
    ('G', 'Milch', 'Milch von Säugetieren wie Kuh, Schaf, Ziege, Pferd und Esel und daraus gewonnene Erzeugnisse (einschließlich Laktose)'),
    ('H', 'Schalenfrüchte', 'Mandeln, Haselnüsse, Walnüsse, Cashewnüsse, Pekannüsse, Paranüsse, Pistazien, Macadamianüsse'),
    ('L', 'Sellerie', NULL),
    ('M', 'Senf', NULL),
    ('N', 'Sesam', NULL),
    ('O', 'Schwefeldioxid und Sulfite', 'in Konzentration von mehr als 10 mg/kg oder 10 mg/l als insgesamt vorhandenes Schwefeldioxid'),
    ('P', 'Lupinen', NULL),
    ('R', 'Weichtiere', NULL);

INSERT INTO "Ingredient" ("id", "name") VALUES ('1', 'Ananas'),
                                               ('2', 'Backkakao'),
                                               ('3', 'Backpulver'),
                                               ('4', 'Basilikum'),
                                               ('5', 'Basmatireis'),
                                               ('6', 'Bergkäse'),
                                               ('7', 'Blattspinat'),
                                               ('8', 'Blätterteig glutenfrei'),
                                               ('9', 'Bratschinken'),
                                               ('10', 'Bratöl'),
                                               ('11', 'brauner Zucker'),
                                               ('12', 'Braunhirse'),
                                               ('13', 'Brokkoli'),
                                               ('14', 'Butter'),
                                               ('15', 'Cashewkerne'),
                                               ('16', 'Champignon'),
                                               ('17', 'Cheddar'),
                                               ('18', 'Chillipulver'),
                                               ('19', 'Chremespinat gefroren'),
                                               ('20', 'Dosen-Thunfisch'),
                                               ('21', 'Dotter'),
                                               ('22', 'Eckerlkäse'),
                                               ('23', 'Ei'),
                                               ('24', 'Eierlikör'),
                                               ('25', 'Eiweiß'),
                                               ('26', 'Emmentaler'),
                                               ('27', 'Erbsen'),
                                               ('28', 'Erdmandel'),
                                               ('29', 'Erdnüsse'),
                                               ('30', 'Erdäpfel'),
                                               ('31', 'Faschiertes'),
                                               ('32', 'Feta'),
                                               ('33', 'Frankfurter'),
                                               ('34', 'frischer Koriander'),
                                               ('35', 'frisches Basilikum Blatt'),
                                               ('36', 'Frischkäse'),
                                               ('37', 'gefrorene Schupfnudeln'),
                                               ('38', 'gefrorener Dill'),
                                               ('39', 'Gemüsebrühe'),
                                               ('40', 'geriebene Gewürznelken'),
                                               ('41', 'Germ'),
                                               ('42', 'geschnittene Tomaten (Dose)'),
                                               ('43', 'Gouda'),
                                               ('44', 'Gries'),
                                               ('45', 'Grillgemüse gefroren'),
                                               ('46', 'große Tomaten'),
                                               ('47', 'Haferflocken'),
                                               ('48', 'Hirse'),
                                               ('49', 'Hokkaido-Kürbis'),
                                               ('50', 'Honig'),
                                               ('51', 'Huhn'),
                                               ('52', 'Hühnerbrust'),
                                               ('53', 'Hühnerbrühe'),
                                               ('54', 'Ingwer'),
                                               ('55', 'Italienische Gewürzmischung'),
                                               ('56', 'Jalapeno'),
                                               ('57', 'Joghurt'),
                                               ('58', 'Jungzwiebel'),
                                               ('59', 'Kaffee'),
                                               ('60', 'Kakao'),
                                               ('61', 'Kakaobutter'),
                                               ('62', 'Kakaopulver'),
                                               ('63', 'Kalua Kaffee Likör'),
                                               ('64', 'Kardamon'),
                                               ('65', 'Karotten'),
                                               ('66', 'Kartoffel meelig'),
                                               ('67', 'kleine Tomaten'),
                                               ('68', 'Knoblauch'),
                                               ('69', 'Knoblauchpulver/granulat'),
                                               ('70', 'Kokosmilch'),
                                               ('71', 'Kokosstücke'),
                                               ('72', 'Koreander'),
                                               ('73', 'Kreuzkümmel'),
                                               ('74', 'Kristallzucker'),
                                               ('75', 'Kräuter-Gewürzmischung'),
                                               ('76', 'Kümmel'),
                                               ('77', 'Kürbis'),
                                               ('78', 'Kürbiskernöl'),
                                               ('79', 'Käse'),
                                               ('80', 'Lachs'),
                                               ('81', 'Lauch'),
                                               ('82', 'Lauch/Jungzwiebel'),
                                               ('83', 'Lebkuchengewürz'),
                                               ('84', 'Limetten'),
                                               ('85', 'Lorbeerblatt'),
                                               ('86', 'Löskaffeepulver'),
                                               ('87', 'Magertopfen'),
                                               ('88', 'Mais'),
                                               ('89', 'Maiskolben'),
                                               ('90', 'Maizena'),
                                               ('91', 'Majoran '),
                                               ('92', 'Mandeln'),
                                               ('93', 'Mandlen gemahlen'),
                                               ('94', 'Mascarpone'),
                                               ('95', 'Mayonnaise'),
                                               ('96', 'Mehl'),
                                               ('97', 'Mehl Glutenfrei'),
                                               ('98', 'Mehl griffig'),
                                               ('99', 'Milch'),
                                               ('100', 'Milchreis Reis'),
                                               ('101', 'Milchschokolade'),
                                               ('102', 'milde rote Pfefferschoten'),
                                               ('103', 'Mozzarella'),
                                               ('104', 'Muskatnuss'),
                                               ('105', 'Olivenöl'),
                                               ('106', 'Orange'),
                                               ('107', 'Oregano'),
                                               ('108', 'Paprika'),
                                               ('109', 'Paprika Rot'),
                                               ('110', 'Paprikapulver'),
                                               ('111', 'Parmesan'),
                                               ('112', 'Pepper Jack'),
                                               ('113', 'Petersilie'),
                                               ('114', 'Pinienkerne'),
                                               ('115', 'Pizzakäse'),
                                               ('116', 'Pizzateig'),
                                               ('117', 'Proteinpulver'),
                                               ('118', 'Puderzucker'),
                                               ('119', 'Putengeschnetzeltes'),
                                               ('120', 'Quinoa'),
                                               ('121', 'Rahm'),
                                               ('122', 'Reis'),
                                               ('123', 'Reis Vollkorn'),
                                               ('124', 'Rindfleisch'),
                                               ('125', 'Risottoreis'),
                                               ('126', 'Roggenmehl'),
                                               ('127', 'Rohrzucker'),
                                               ('128', 'Rosmarin'),
                                               ('129', 'rote Zwiebel'),
                                               ('130', 'Rotwein'),
                                               ('131', 'Rum'),
                                               ('132', 'Salbei'),
                                               ('133', 'Salz'),
                                               ('134', 'Sauce Tartare'),
                                               ('135', 'Sauerrahm'),
                                               ('136', 'Schafkäse'),
                                               ('137', 'Scharfmacher'),
                                               ('138', 'Schinken'),
                                               ('139', 'Schlagobers'),
                                               ('140', 'Schnittlauch'),
                                               ('141', 'Schwammerl'),
                                               ('142', 'schwarzer Pfeffer'),
                                               ('143', 'Schweinsbraten'),
                                               ('144', 'Semmelbrösel'),
                                               ('145', 'Senf mild'),
                                               ('146', 'Sesam'),
                                               ('147', 'Sesamöl'),
                                               ('148', 'Sojasauce'),
                                               ('149', 'Sour Creme'),
                                               ('150', 'Spaghetti'),
                                               ('151', 'Speck'),
                                               ('152', 'Speisesoda'),
                                               ('153', 'Sriracha Sauce'),
                                               ('154', 'Staubzucker'),
                                               ('155', 'Steak'),
                                               ('156', 'Stärkemehl'),
                                               ('157', 'Suppengewürz'),
                                               ('158', 'Suppengrün'),
                                               ('159', 'Süßkartoffel'),
                                               ('160', 'Tabasco'),
                                               ('161', 'Thymian'),
                                               ('162', 'Tofu'),
                                               ('163', 'Tomaten'),
                                               ('164', 'Tomatenmark'),
                                               ('165', 'Tomatensauce'),
                                               ('166', 'Tunfisch'),
                                               ('167', 'Vanilleextrakt'),
                                               ('168', 'Vanilleschote'),
                                               ('169', 'Vanillezucker'),
                                               ('170', 'Wacholderbeeren'),
                                               ('171', 'Walnüsse'),
                                               ('172', 'Wasser'),
                                               ('173', 'weiße Schokolade'),
                                               ('174', 'weißer Pfeffer'),
                                               ('175', 'Weißwein'),
                                               ('176', 'Wraps'),
                                               ('177', 'Wurst'),
                                               ('178', 'Yoghurt'),
                                               ('179', 'Zartbitter Schokolade'),
                                               ('180', 'Zartweizen'),
                                               ('181', 'Zimt'),
                                               ('182', 'Zitrone'),
                                               ('183', 'Zitronen Pfeffer'),
                                               ('184', 'Zitronenlimonade'),
                                               ('185', 'Zitronensaft'),
                                               ('186', 'Zitronenschale'),
                                               ('187', 'Zucchini'),
                                               ('188', 'Zucker'),
                                               ('189', 'Zwiebel'),
                                               ('190', 'Nudeln');

INSERT INTO "Ingredient_Allergen" ("ingredient_id", "allergen_id") VALUES ('6', 'G'),
                                                                          ('8', 'A'),
                                                                          ('14', 'G'),
                                                                          ('15', 'H'),
                                                                          ('17', 'G'),
                                                                          ('20', 'D'),
                                                                          ('21', 'C'),
                                                                          ('22', 'G'),
                                                                          ('23', 'C'),
                                                                          ('24', 'C'),
                                                                          ('25', 'C'),
                                                                          ('26', 'G'),
                                                                          ('27', 'H'),
                                                                          ('29', 'H'),
                                                                          ('32', 'G'),
                                                                          ('36', 'G'),
                                                                          ('37', 'A'),
                                                                          ('37', 'C'),
                                                                          ('43', 'G'),
                                                                          ('45', 'A'),
                                                                          ('45', 'C'),
                                                                          ('45', 'G'),
                                                                          ('57', 'G'),
                                                                          ('79', 'G'),
                                                                          ('80', 'D'),
                                                                          ('87', 'G'),
                                                                          ('92', 'H'),
                                                                          ('93', 'H'),
                                                                          ('94', 'G'),
                                                                          ('95', 'C'),
                                                                          ('95', 'M'),
                                                                          ('96', 'A'),
                                                                          ('98', 'A'),
                                                                          ('99', 'G'),
                                                                          ('101', 'G'),
                                                                          ('103', 'G'),
                                                                          ('111', 'C'),
                                                                          ('111', 'G'),
                                                                          ('112', 'G'),
                                                                          ('115', 'G'),
                                                                          ('116', 'A'),
                                                                          ('116', 'C'),
                                                                          ('121', 'G'),
                                                                          ('126', 'A'),
                                                                          ('134', 'C'),
                                                                          ('134', 'M'),
                                                                          ('135', 'G'),
                                                                          ('136', 'G'),
                                                                          ('144', 'A'),
                                                                          ('145', 'M'),
                                                                          ('146', 'N'),
                                                                          ('147', 'N'),
                                                                          ('148', 'F'),
                                                                          ('149', 'E'),
                                                                          ('149', 'G'),
                                                                          ('149', 'M'),
                                                                          ('149', 'O'),
                                                                          ('150', 'A'),
                                                                          ('150', 'C'),
                                                                          ('150', 'L'),
                                                                          ('153', 'M'),
                                                                          ('153', 'F'),
                                                                          ('162', 'F'),
                                                                          ('166', 'D'),
                                                                          ('171', 'H'),
                                                                          ('173', 'G'),
                                                                          ('176', 'A'),
                                                                          ('178', 'G'),
                                                                          ('179', 'G'),
                                                                          ('190', 'A'),
                                                                          ('190', 'P');

-- Inserting Nutrition data
INSERT INTO Nutrition (id, name) VALUES
                                     ('1', 'calories'),
                                     ('2', 'serving_size'),
                                     ('3', 'fat_total'),
                                     ('4', 'fat_saturated'),
                                     ('5', 'protein'),
                                     ('6', 'sodium'),
                                     ('7', 'potassium'),
                                     ('8', 'cholesterol'),
                                     ('9', 'carbohydrates_total'),
                                     ('10', 'fiber'),
                                     ('11', 'sugar');

-- Inserting Ingredient_Nutrition data
INSERT INTO Ingredient_Nutrition (ingredient_id, nutrition_id, unit, value) VALUES  ('1', '1', '', 50.8),
('1', '2', 'g', 100.0),
('1', '3', 'g', 0.1),
('1', '4', 'g', 0.0),
('1', '5', 'g', 0.5),
('1', '6', 'mg', 0),
('1', '7', 'mg', 8),
('1', '8', 'mg', 0),
('1', '9', 'g', 13.0),
('1', '10', 'g', 1.4),
('1', '11', 'g', 9.9),
('2', '1', '', 411.3),
('2', '2', 'g', 100.0),
('2', '3', 'g', 10.1),
('2', '4', 'g', 0.0),
('2', '5', 'g', 19.8),
('2', '6', 'mg', 0),
('2', '7', 'mg', 0),
('2', '8', 'mg', 0),
('2', '9', 'g', 60.6),
('2', '10', 'g', 20.3),
('2', '11', 'g', 0.0),
('3', '1', '', 54.1),
('3', '2', 'g', 100.0),
('3', '3', 'g', 0.0),
('3', '4', 'g', 0.0),
('3', '5', 'g', 0.0),
('3', '6', 'mg', 10622),
('3', '7', 'mg', 2156),
('3', '8', 'mg', 0),
('3', '9', 'g', 27.5),
('3', '10', 'g', 0.2),
('3', '11', 'g', 0.0),
('4', '1', '', 24.4),
('4', '2', 'g', 100.0),
('4', '3', 'g', 0.0),
('4', '4', 'g', 0.0),
('4', '5', 'g', 4.0),
('4', '6', 'mg', 4),
('4', '7', 'mg', 56),
('4', '8', 'mg', 0),
('4', '9', 'g', 2.0),
('4', '10', 'g', 2.0),
('4', '11', 'g', 0.0),
('5', '1', '', 126.4),
('5', '2', 'g', 100.0),
('5', '3', 'g', 0.3),
('5', '4', 'g', 0.1),
('5', '5', 'g', 2.7),
('5', '6', 'mg', 0),
('5', '7', 'mg', 43),
('5', '8', 'mg', 0),
('5', '9', 'g', 27.7),
('5', '10', 'g', 0.4),
('5', '11', 'g', 0.1),
('6', '1', '', 393.9),
('6', '2', 'g', 100.0),
('6', '3', 'g', 33.0),
('6', '4', 'g', 18.9),
('6', '5', 'g', 22.7),
('6', '6', 'mg', 661),
('6', '7', 'mg', 459),
('6', '8', 'mg', 100),
('6', '9', 'g', 3.2),
('6', '10', 'g', 0.0),
('6', '11', 'g', 0.5),
('7', '1', '', 23.3),
('7', '2', 'g', 100.0),
('7', '3', 'g', 0.3),
('7', '4', 'g', 0.0),
('7', '5', 'g', 2.9),
('7', '6', 'mg', 69),
('7', '7', 'mg', 55),
('7', '8', 'mg', 0),
('7', '9', 'g', 3.8),
('7', '10', 'g', 2.4),
('7', '11', 'g', 0.4),
('8', '1', '', 436.4),
('8', '2', 'g', 100.0),
('8', '3', 'g', 25.8),
('8', '4', 'g', 9.7),
('8', '5', 'g', 3.0),
('8', '6', 'mg', 401),
('8', '7', 'mg', 44),
('8', '8', 'mg', 0),
('8', '9', 'g', 50.8),
('8', '10', 'g', 1.8),
('8', '11', 'g', 0.0),
('9', '1', '', 141.6),
('9', '2', 'g', 100.0),
('9', '3', 'g', 5.1),
('9', '4', 'g', 0.9),
('9', '5', 'g', 22.2),
('9', '6', 'mg', 968),
('9', '7', 'mg', 305),
('9', '8', 'mg', 64),
('9', '9', 'g', 1.0),
('9', '10', 'g', 0.0),
('9', '11', 'g', 1.1),
('10', '1', '', 883.0),
('10', '2', 'g', 100.0),
('10', '3', 'g', 100.8),
('10', '4', 'g', 6.6),
('10', '5', 'g', 0.0),
('10', '6', 'mg', 0),
('10', '7', 'mg', 0),
('10', '8', 'mg', 0),
('10', '9', 'g', 0.0),
('10', '10', 'g', 0.0),
('10', '11', 'g', 0.0),
('11', '1', '', 381.1),
('11', '2', 'g', 100.0),
('11', '3', 'g', 0.0),
('11', '4', 'g', 0.0),
('11', '5', 'g', 0.0),
('11', '6', 'mg', 27),
('11', '7', 'mg', 3),
('11', '8', 'mg', 0),
('11', '9', 'g', 98.8),
('11', '10', 'g', 0.0),
('11', '11', 'g', 97.8),
('12', '1', '', 122.2),
('12', '2', 'g', 100.0),
('12', '3', 'g', 1.0),
('12', '4', 'g', 0.2),
('12', '5', 'g', 3.5),
('12', '6', 'mg', 1),
('12', '7', 'mg', 99),
('12', '8', 'mg', 0),
('12', '9', 'g', 23.6),
('12', '10', 'g', 1.3),
('12', '11', 'g', 0.1),
('13', '1', '', 35.0),
('13', '2', 'g', 100.0),
('13', '3', 'g', 0.4),
('13', '4', 'g', 0.1),
('13', '5', 'g', 2.4),
('13', '6', 'mg', 41),
('13', '7', 'mg', 65),
('13', '8', 'mg', 0),
('13', '9', 'g', 7.3),
('13', '10', 'g', 3.3),
('13', '11', 'g', 1.4),
('14', '1', '', 721.5),
('14', '2', 'g', 100.0),
('14', '3', 'g', 79.6),
('14', '4', 'g', 51.1),
('14', '5', 'g', 0.8),
('14', '6', 'mg', 637),
('14', '7', 'mg', 23),
('14', '8', 'mg', 215),
('14', '9', 'g', 0.1),
('14', '10', 'g', 0.0),
('14', '11', 'g', 0.1),
('15', '1', '', 570.5),
('15', '2', 'g', 100.0),
('15', '3', 'g', 46.7),
('15', '4', 'g', 8.9),
('15', '5', 'g', 15.2),
('15', '6', 'mg', 650),
('15', '7', 'mg', 490),
('15', '8', 'mg', 0),
('15', '9', 'g', 32.1),
('15', '10', 'g', 3.2),
('15', '11', 'g', 5.1),
('16', '1', '', 28.0),
('16', '2', 'g', 100.0),
('16', '3', 'g', 0.5),
('16', '4', 'g', 0.1),
('16', '5', 'g', 2.1),
('16', '6', 'mg', 1),
('16', '7', 'mg', 87),
('16', '8', 'mg', 0),
('16', '9', 'g', 5.3),
('16', '10', 'g', 2.1),
('16', '11', 'g', 2.3),
('17', '1', '', 415.6),
('17', '2', 'g', 100.0),
('17', '3', 'g', 33.9),
('17', '4', 'g', 18.8),
('17', '5', 'g', 22.8),
('17', '6', 'mg', 640),
('17', '7', 'mg', 455),
('17', '8', 'mg', 97),
('17', '9', 'g', 3.1),
('17', '10', 'g', 0.0),
('17', '11', 'g', 0.5),
('18', '1', '', 120.8),
('18', '2', 'g', 100.0),
('18', '3', 'g', 7.1),
('18', '4', 'g', 2.3),
('18', '5', 'g', 7.6),
('18', '6', 'mg', 417),
('18', '7', 'mg', 75),
('18', '8', 'mg', 21),
('18', '9', 'g', 6.2),
('18', '10', 'g', 0.5),
('18', '11', 'g', 1.1),
('19', '1', '', 338.6),
('19', '2', 'g', 100.0),
('19', '3', 'g', 36.3),
('19', '4', 'g', 23.2),
('19', '5', 'g', 2.8),
('19', '6', 'mg', 27),
('19', '7', 'mg', 57),
('19', '8', 'mg', 111),
('19', '9', 'g', 2.8),
('19', '10', 'g', 0.0),
('19', '11', 'g', 2.9),
('20', '1', '', 133.3),
('20', '2', 'g', 100.0),
('20', '3', 'g', 0.6),
('20', '4', 'g', 0.2),
('20', '5', 'g', 29.4),
('20', '6', 'mg', 54),
('20', '7', 'mg', 331),
('20', '8', 'mg', 46),
('20', '9', 'g', 0.0),
('20', '10', 'g', 0.0),
('20', '11', 'g', 0.0),
('21', '1', '', 330.8),
('21', '2', 'g', 100.0),
('21', '3', 'g', 26.5),
('21', '4', 'g', 9.6),
('21', '5', 'g', 15.7),
('21', '6', 'mg', 47),
('21', '7', 'mg', 397),
('21', '8', 'mg', 1082),
('21', '9', 'g', 3.6),
('21', '10', 'g', 0.0),
('21', '11', 'g', 0.6),
('23', '1', '', 147.0),
('23', '2', 'g', 100.0),
('23', '3', 'g', 9.7),
('23', '4', 'g', 3.1),
('23', '5', 'g', 12.5),
('23', '6', 'mg', 139),
('23', '7', 'mg', 199),
('23', '8', 'mg', 371),
('23', '9', 'g', 0.7),
('23', '10', 'g', 0.0),
('23', '11', 'g', 0.4),
('24', '1', '', 167.2),
('24', '2', 'g', 100.0),
('24', '3', 'g', 15.6),
('24', '4', 'g', 2.1),
('24', '5', 'g', 2.0),
('24', '6', 'mg', 7),
('24', '7', 'mg', 55),
('24', '8', 'mg', 0),
('24', '9', 'g', 8.6),
('24', '10', 'g', 6.7),
('24', '11', 'g', 0.3),
('25', '1', '', 343.0),
('25', '2', 'g', 100.0),
('25', '3', 'g', 1.6),
('25', '4', 'g', 0.8),
('25', '5', 'g', 77.5),
('25', '6', 'mg', 153),
('25', '7', 'mg', 1303),
('25', '8', 'mg', 16),
('25', '9', 'g', 6.3),
('25', '10', 'g', 3.1),
('25', '11', 'g', 0.0),
('26', '1', '', 398.5),
('26', '2', 'g', 100.0),
('26', '3', 'g', 31.5),
('26', '4', 'g', 18.2),
('26', '5', 'g', 26.8),
('26', '6', 'mg', 188),
('26', '7', 'mg', 563),
('26', '8', 'mg', 91),
('26', '9', 'g', 1.5),
('26', '10', 'g', 0.0),
('26', '11', 'g', 0.0),
('27', '1', '', 82.4),
('27', '2', 'g', 100.0),
('27', '3', 'g', 0.2),
('27', '4', 'g', 0.0),
('27', '5', 'g', 5.4),
('27', '6', 'mg', 3),
('27', '7', 'mg', 117),
('27', '8', 'mg', 0),
('27', '9', 'g', 15.9),
('27', '10', 'g', 5.4),
('27', '11', 'g', 5.9),
('28', '1', '', 606.8),
('28', '2', 'g', 100.0),
('28', '3', 'g', 51.7),
('28', '4', 'g', 3.9),
('28', '5', 'g', 20.7),
('28', '6', 'mg', 499),
('28', '7', 'mg', 462),
('28', '8', 'mg', 0),
('28', '9', 'g', 21.1),
('28', '10', 'g', 10.8),
('28', '11', 'g', 4.7),
('29', '1', '', 600.9),
('29', '2', 'g', 100.0),
('29', '3', 'g', 49.9),
('29', '4', 'g', 8.1),
('29', '5', 'g', 24.1),
('29', '6', 'mg', 415),
('29', '7', 'mg', 356),
('29', '8', 'mg', 0),
('29', '9', 'g', 20.8),
('29', '10', 'g', 8.1),
('29', '11', 'g', 5.0),
('30', '1', '', 92.7),
('30', '2', 'g', 100.0),
('30', '3', 'g', 0.1),
('30', '4', 'g', 0.0),
('30', '5', 'g', 2.5),
('30', '6', 'mg', 10),
('30', '7', 'mg', 70),
('30', '8', 'mg', 0),
('30', '9', 'g', 21.0),
('30', '10', 'g', 2.2),
('30', '11', 'g', 1.2),
('31', '1', '', 276.8),
('31', '2', 'g', 100.0),
('31', '3', 'g', 17.3),
('31', '4', 'g', 6.5),
('31', '5', 'g', 26.9),
('31', '6', 'mg', 90),
('31', '7', 'mg', 226),
('31', '8', 'mg', 89),
('31', '9', 'g', 0.0),
('31', '10', 'g', 0.0),
('31', '11', 'g', 0.0),
('32', '1', '', 260.8),
('32', '2', 'g', 100.0),
('32', '3', 'g', 21.1),
('32', '4', 'g', 14.8),
('32', '5', 'g', 14.2),
('32', '6', 'mg', 899),
('32', '7', 'mg', 343),
('32', '8', 'mg', 88),
('32', '9', 'g', 4.1),
('32', '10', 'g', 0.0),
('32', '11', 'g', 4.1),
('33', '1', '', 315.0),
('33', '2', 'g', 100.0),
('33', '3', 'g', 29.3),
('33', '4', 'g', 11.6),
('33', '5', 'g', 11.6),
('33', '6', 'mg', 857),
('33', '7', 'mg', 136),
('33', '8', 'mg', 57),
('33', '9', 'g', 2.7),
('33', '10', 'g', 0.0),
('33', '11', 'g', 1.3),
('34', '1', '', 23.6),
('34', '2', 'g', 100.0),
('34', '3', 'g', 0.5),
('34', '4', 'g', 0.0),
('34', '5', 'g', 2.2),
('34', '6', 'mg', 46),
('34', '7', 'mg', 47),
('34', '8', 'mg', 0),
('34', '9', 'g', 3.7),
('34', '10', 'g', 2.8),
('34', '11', 'g', 0.7),
('35', '1', '', 23.4),
('35', '2', 'g', 100.0),
('35', '3', 'g', 0.0),
('35', '4', 'g', 0.0),
('35', '5', 'g', 4.0),
('35', '6', 'mg', 3),
('35', '7', 'mg', 55),
('35', '8', 'mg', 0),
('35', '9', 'g', 2.0),
('35', '10', 'g', 2.0),
('35', '11', 'g', 0.0),
('36', '1', '', 342.0),
('36', '2', 'g', 100.0),
('36', '3', 'g', 34.0),
('36', '4', 'g', 20.1),
('36', '5', 'g', 6.2),
('36', '6', 'mg', 309),
('36', '7', 'mg', 106),
('36', '8', 'mg', 100),
('36', '9', 'g', 5.5),
('36', '10', 'g', 0.0),
('36', '11', 'g', 3.7),
('37', '1', '', 161.8),
('37', '2', 'g', 100.0),
('37', '3', 'g', 0.9),
('37', '4', 'g', 0.2),
('37', '5', 'g', 5.8),
('37', '6', 'mg', 0),
('37', '7', 'mg', 57),
('37', '8', 'mg', 0),
('37', '9', 'g', 31.2),
('37', '10', 'g', 1.8),
('37', '11', 'g', 0.6),
('38', '1', '', 44.3),
('38', '2', 'g', 100.0),
('38', '3', 'g', 1.0),
('38', '4', 'g', 0.0),
('38', '5', 'g', 3.0),
('38', '6', 'mg', 61),
('38', '7', 'mg', 66),
('38', '8', 'mg', 0),
('38', '9', 'g', 7.1),
('38', '10', 'g', 2.0),
('38', '11', 'g', 0.0),
('39', '1', '', 6.0),
('39', '2', 'g', 100.0),
('39', '3', 'g', 0.1),
('39', '4', 'g', 0.0),
('39', '5', 'g', 0.2),
('39', '6', 'mg', 305),
('39', '7', 'mg', 3),
('39', '8', 'mg', 0),
('39', '9', 'g', 1.0),
('39', '10', 'g', 0.0),
('39', '11', 'g', 0.6),
('40', '1', '', 269.5),
('40', '2', 'g', 100.0),
('40', '3', 'g', 12.8),
('40', '4', 'g', 3.8),
('40', '5', 'g', 6.2),
('40', '6', 'mg', 276),
('40', '7', 'mg', 103),
('40', '8', 'mg', 0),
('40', '9', 'g', 64.5),
('40', '10', 'g', 33.6),
('40', '11', 'g', 2.4),
('41', '1', '', 321.7),
('41', '2', 'g', 100.0),
('41', '3', 'g', 7.5),
('41', '4', 'g', 1.0),
('41', '5', 'g', 40.4),
('41', '6', 'mg', 50),
('41', '7', 'mg', 634),
('41', '8', 'mg', 0),
('41', '9', 'g', 41.9),
('41', '10', 'g', 26.5),
('41', '11', 'g', 0.0),
('42', '1', '', 18.5),
('42', '2', 'g', 100.0),
('42', '3', 'g', 0.2),
('42', '4', 'g', 0.0),
('42', '5', 'g', 0.9),
('42', '6', 'mg', 5),
('42', '7', 'mg', 23),
('42', '8', 'mg', 0),
('42', '9', 'g', 3.9),
('42', '10', 'g', 1.2),
('42', '11', 'g', 2.6),
('43', '1', '', 353.4),
('43', '2', 'g', 100.0),
('43', '3', 'g', 27.3),
('43', '4', 'g', 17.6),
('43', '5', 'g', 25.1),
('43', '6', 'mg', 830),
('43', '7', 'mg', 554),
('43', '8', 'mg', 114),
('43', '9', 'g', 2.2),
('43', '10', 'g', 0.0),
('43', '11', 'g', 2.2),
('45', '1', '', 42.2),
('45', '2', 'g', 100.0),
('45', '3', 'g', 2.5),
('45', '4', 'g', 0.4),
('45', '5', 'g', 1.3),
('45', '6', 'mg', 35),
('45', '7', 'mg', 37),
('45', '8', 'mg', 0),
('45', '9', 'g', 4.6),
('45', '10', 'g', 1.4),
('45', '11', 'g', 2.4),
('46', '1', '', 18.5),
('46', '2', 'g', 100.0),
('46', '3', 'g', 0.2),
('46', '4', 'g', 0.0),
('46', '5', 'g', 0.9),
('46', '6', 'mg', 5),
('46', '7', 'mg', 23),
('46', '8', 'mg', 0),
('46', '9', 'g', 3.9),
('46', '10', 'g', 1.2),
('46', '11', 'g', 2.6),
('47', '1', '', 69.6),
('47', '2', 'g', 100.0),
('47', '3', 'g', 1.5),
('47', '4', 'g', 0.3),
('47', '5', 'g', 2.5),
('47', '6', 'mg', 4),
('47', '7', 'mg', 78),
('47', '8', 'mg', 0),
('47', '9', 'g', 11.8),
('47', '10', 'g', 1.7),
('47', '11', 'g', 0.3),
('48', '1', '', 122.2),
('48', '2', 'g', 100.0),
('48', '3', 'g', 1.0),
('48', '4', 'g', 0.2),
('48', '5', 'g', 3.5),
('48', '6', 'mg', 1),
('48', '7', 'mg', 99),
('48', '8', 'mg', 0),
('48', '9', 'g', 23.6),
('48', '10', 'g', 1.3),
('48', '11', 'g', 0.1),
('49', '1', '', 20.5),
('49', '2', 'g', 100.0),
('49', '3', 'g', 0.1),
('49', '4', 'g', 0.0),
('49', '5', 'g', 0.7),
('49', '6', 'mg', 0),
('49', '7', 'mg', 30),
('49', '8', 'mg', 0),
('49', '9', 'g', 4.9),
('49', '10', 'g', 1.1),
('49', '11', 'g', 2.1),
('50', '1', '', 302.9),
('50', '2', 'g', 100.0),
('50', '3', 'g', 0.0),
('50', '4', 'g', 0.0),
('50', '5', 'g', 0.3),
('50', '6', 'mg', 3),
('50', '7', 'mg', 3),
('50', '8', 'mg', 0),
('50', '9', 'g', 83.0),
('50', '10', 'g', 0.2),
('50', '11', 'g', 82.6),
('51', '1', '', 222.6),
('51', '2', 'g', 100.0),
('51', '3', 'g', 12.9),
('51', '4', 'g', 3.7),
('51', '5', 'g', 23.7),
('51', '6', 'mg', 72),
('51', '7', 'mg', 179),
('51', '8', 'mg', 92),
('51', '9', 'g', 0.0),
('51', '10', 'g', 0.0),
('51', '11', 'g', 0.0),
('52', '1', '', 166.2),
('52', '2', 'g', 100.0),
('52', '3', 'g', 3.5),
('52', '4', 'g', 1.0),
('52', '5', 'g', 31.0),
('52', '6', 'mg', 72),
('52', '7', 'mg', 226),
('52', '8', 'mg', 85),
('52', '9', 'g', 0.0),
('52', '10', 'g', 0.0),
('52', '11', 'g', 0.0),
('53', '1', '', 6.2),
('53', '2', 'g', 100.0),
('53', '3', 'g', 0.2),
('53', '4', 'g', 0.0),
('53', '5', 'g', 0.6),
('53', '6', 'mg', 372),
('53', '7', 'mg', 3),
('53', '8', 'mg', 2),
('53', '9', 'g', 0.4),
('53', '10', 'g', 0.0),
('53', '11', 'g', 0.4),
('54', '1', '', 78.3),
('54', '2', 'g', 100.0),
('54', '3', 'g', 1.0),
('54', '4', 'g', 0.0),
('54', '5', 'g', 2.0),
('54', '6', 'mg', 13),
('54', '7', 'mg', 34),
('54', '8', 'mg', 0),
('54', '9', 'g', 18.3),
('54', '10', 'g', 2.0),
('54', '11', 'g', 1.5),
('56', '1', '', 28.8),
('56', '2', 'g', 100.0),
('56', '3', 'g', 0.4),
('56', '4', 'g', 0.1),
('56', '5', 'g', 0.9),
('56', '6', 'mg', 2),
('56', '7', 'mg', 26),
('56', '8', 'mg', 0),
('56', '9', 'g', 6.4),
('56', '10', 'g', 2.8),
('56', '11', 'g', 4.2),
('57', '1', '', 64.2),
('57', '2', 'g', 100.0),
('57', '3', 'g', 1.6),
('57', '4', 'g', 1.0),
('57', '5', 'g', 5.3),
('57', '6', 'mg', 69),
('57', '7', 'mg', 145),
('57', '8', 'mg', 5),
('57', '9', 'g', 7.2),
('57', '10', 'g', 0.0),
('57', '11', 'g', 7.1),
('58', '1', '', 44.7),
('58', '2', 'g', 100.0),
('58', '3', 'g', 0.2),
('58', '4', 'g', 0.0),
('58', '5', 'g', 1.4),
('58', '6', 'mg', 2),
('58', '7', 'mg', 35),
('58', '8', 'mg', 0),
('58', '9', 'g', 10.1),
('58', '10', 'g', 1.4),
('58', '11', 'g', 4.7),
('59', '1', '', 1.0),
('59', '2', 'g', 100.0),
('59', '3', 'g', 0.0),
('59', '4', 'g', 0.0),
('59', '5', 'g', 0.1),
('59', '6', 'mg', 1),
('59', '7', 'mg', 2),
('59', '8', 'mg', 0),
('59', '9', 'g', 0.0),
('59', '10', 'g', 0.0),
('59', '11', 'g', 0.0),
('60', '1', '', 411.3),
('60', '2', 'g', 100.0),
('60', '3', 'g', 10.1),
('60', '4', 'g', 0.0),
('60', '5', 'g', 19.8),
('60', '6', 'mg', 0),
('60', '7', 'mg', 0),
('60', '8', 'mg', 0),
('60', '9', 'g', 60.6),
('60', '10', 'g', 20.3),
('60', '11', 'g', 0.0),
('61', '1', '', 411.3),
('61', '2', 'g', 100.0),
('61', '3', 'g', 10.1),
('61', '4', 'g', 0.0),
('61', '5', 'g', 19.8),
('61', '6', 'mg', 0),
('61', '7', 'mg', 0),
('61', '8', 'mg', 0),
('61', '9', 'g', 60.6),
('61', '10', 'g', 20.3),
('61', '11', 'g', 0.0),
('62', '1', '', 410.0),
('62', '2', 'g', 100.0),
('62', '3', 'g', 9.9),
('62', '4', 'g', 0.0),
('62', '5', 'g', 20.0),
('62', '6', 'mg', 0),
('62', '7', 'mg', 0),
('62', '8', 'mg', 0),
('62', '9', 'g', 58.8),
('62', '10', 'g', 20.1),
('62', '11', 'g', 0.0),
('63', '1', '', 316.8),
('63', '2', 'g', 100.0),
('63', '3', 'g', 0.3),
('63', '4', 'g', 0.1),
('63', '5', 'g', 0.1),
('63', '6', 'mg', 7),
('63', '7', 'mg', 5),
('63', '8', 'mg', 0),
('63', '9', 'g', 32.1),
('63', '10', 'g', 0.0),
('63', '11', 'g', 31.9),
('65', '1', '', 34.0),
('65', '2', 'g', 100.0),
('65', '3', 'g', 0.2),
('65', '4', 'g', 0.0),
('65', '5', 'g', 0.8),
('65', '6', 'mg', 57),
('65', '7', 'mg', 30),
('65', '8', 'mg', 0),
('65', '9', 'g', 8.3),
('65', '10', 'g', 3.0),
('65', '11', 'g', 3.4),
('66', '1', '', 92.7),
('66', '2', 'g', 100.0),
('66', '3', 'g', 0.1),
('66', '4', 'g', 0.0),
('66', '5', 'g', 2.5),
('66', '6', 'mg', 10),
('66', '7', 'mg', 70),
('66', '8', 'mg', 0),
('66', '9', 'g', 21.0),
('66', '10', 'g', 2.2),
('66', '11', 'g', 1.2),
('67', '1', '', 18.5),
('67', '2', 'g', 100.0),
('67', '3', 'g', 0.2),
('67', '4', 'g', 0.0),
('67', '5', 'g', 0.9),
('67', '6', 'mg', 5),
('67', '7', 'mg', 23),
('67', '8', 'mg', 0),
('67', '9', 'g', 3.9),
('67', '10', 'g', 1.2),
('67', '11', 'g', 2.6),
('68', '1', '', 144.8),
('68', '2', 'g', 100.0),
('68', '3', 'g', 0.7),
('68', '4', 'g', 0.0),
('68', '5', 'g', 6.4),
('68', '6', 'mg', 16),
('68', '7', 'mg', 153),
('68', '8', 'mg', 0),
('68', '9', 'g', 32.5),
('68', '10', 'g', 2.0),
('68', '11', 'g', 1.0),
('69', '1', '', 144.8),
('69', '2', 'g', 100.0),
('69', '3', 'g', 0.7),
('69', '4', 'g', 0.0),
('69', '5', 'g', 6.4),
('69', '6', 'mg', 16),
('69', '7', 'mg', 153),
('69', '8', 'mg', 0),
('69', '9', 'g', 32.5),
('69', '10', 'g', 2.0),
('69', '11', 'g', 1.0),
('70', '1', '', 197.2),
('70', '2', 'g', 100.0),
('70', '3', 'g', 21.2),
('70', '4', 'g', 18.8),
('70', '5', 'g', 2.0),
('70', '6', 'mg', 12),
('70', '7', 'mg', 97),
('70', '8', 'mg', 0),
('70', '9', 'g', 2.8),
('70', '10', 'g', 0.0),
('70', '11', 'g', 0.0),
('71', '1', '', 455.3),
('71', '2', 'g', 100.0),
('71', '3', 'g', 28.3),
('71', '4', 'g', 26.3),
('71', '5', 'g', 3.2),
('71', '6', 'mg', 288),
('71', '7', 'mg', 101),
('71', '8', 'mg', 0),
('71', '9', 'g', 52.3),
('71', '10', 'g', 9.9),
('71', '11', 'g', 36.9),
('72', '1', '', 306.3),
('72', '2', 'g', 100.0),
('72', '3', 'g', 17.8),
('72', '4', 'g', 1.1),
('72', '5', 'g', 12.3),
('72', '6', 'mg', 34),
('72', '7', 'mg', 405),
('72', '8', 'mg', 0),
('72', '9', 'g', 55.2),
('72', '10', 'g', 41.0),
('72', '11', 'g', 0.0),
('73', '1', '', 379.3),
('73', '2', 'g', 100.0),
('73', '3', 'g', 22.4),
('73', '4', 'g', 1.4),
('73', '5', 'g', 17.8),
('73', '6', 'mg', 170),
('73', '7', 'mg', 500),
('73', '8', 'mg', 0),
('73', '9', 'g', 44.5),
('73', '10', 'g', 10.5),
('73', '11', 'g', 2.4),
('74', '1', '', 385.6),
('74', '2', 'g', 100.0),
('74', '3', 'g', 0.0),
('74', '4', 'g', 0.0),
('74', '5', 'g', 0.0),
('74', '6', 'mg', 0),
('74', '7', 'mg', 0),
('74', '8', 'mg', 0),
('74', '9', 'g', 99.8),
('74', '10', 'g', 0.0),
('74', '11', 'g', 100.1),
('76', '1', '', 334.6),
('76', '2', 'g', 100.0),
('76', '3', 'g', 14.8),
('76', '4', 'g', 0.5),
('76', '5', 'g', 19.9),
('76', '6', 'mg', 17),
('76', '7', 'mg', 573),
('76', '8', 'mg', 0),
('76', '9', 'g', 49.9),
('76', '10', 'g', 38.3),
('76', '11', 'g', 0.5),
('77', '1', '', 20.5),
('77', '2', 'g', 100.0),
('77', '3', 'g', 0.1),
('77', '4', 'g', 0.0),
('77', '5', 'g', 0.7),
('77', '6', 'mg', 0),
('77', '7', 'mg', 30),
('77', '8', 'mg', 0),
('77', '9', 'g', 4.9),
('77', '10', 'g', 1.1),
('77', '11', 'g', 2.1),
('78', '1', '', 900.6),
('78', '2', 'g', 100.0),
('78', '3', 'g', 99.8),
('78', '4', 'g', 10.3),
('78', '5', 'g', 0.0),
('78', '6', 'mg', 0),
('78', '7', 'mg', 0),
('78', '8', 'mg', 0),
('78', '9', 'g', 0.0),
('78', '10', 'g', 0.0),
('78', '11', 'g', 0.0),
('79', '1', '', 393.9),
('79', '2', 'g', 100.0),
('79', '3', 'g', 33.0),
('79', '4', 'g', 18.9),
('79', '5', 'g', 22.7),
('79', '6', 'mg', 661),
('79', '7', 'mg', 459),
('79', '8', 'mg', 100),
('79', '9', 'g', 3.2),
('79', '10', 'g', 0.0),
('79', '11', 'g', 0.5),
('80', '1', '', 208.7),
('80', '2', 'g', 100.0),
('80', '3', 'g', 12.1),
('80', '4', 'g', 2.4),
('80', '5', 'g', 22.0),
('80', '6', 'mg', 61),
('80', '7', 'mg', 253),
('80', '8', 'mg', 63),
('80', '9', 'g', 0.0),
('80', '10', 'g', 0.0),
('80', '11', 'g', 0.0),
('81', '1', '', 31.9),
('81', '2', 'g', 100.0),
('81', '3', 'g', 0.2),
('81', '4', 'g', 0.0),
('81', '5', 'g', 0.8),
('81', '6', 'mg', 9),
('81', '7', 'mg', 17),
('81', '8', 'mg', 0),
('81', '9', 'g', 7.6),
('81', '10', 'g', 1.0),
('81', '11', 'g', 2.1),
('82', '1', '', 44.7),
('82', '2', 'g', 100.0),
('82', '3', 'g', 0.2),
('82', '4', 'g', 0.0),
('82', '5', 'g', 1.4),
('82', '6', 'mg', 2),
('82', '7', 'mg', 35),
('82', '8', 'mg', 0),
('82', '9', 'g', 10.1),
('82', '10', 'g', 1.4),
('82', '11', 'g', 4.7),
('83', '1', '', 308.5),
('83', '2', 'g', 100.0),
('83', '3', 'g', 10.6),
('83', '4', 'g', 4.2),
('83', '5', 'g', 3.5),
('83', '6', 'mg', 315),
('83', '7', 'mg', 50),
('83', '8', 'mg', 23),
('83', '9', 'g', 53.3),
('83', '10', 'g', 0.9),
('83', '11', 'g', 30.7),
('84', '1', '', 29.6),
('84', '2', 'g', 100.0),
('84', '3', 'g', 0.2),
('84', '4', 'g', 0.0),
('84', '5', 'g', 0.7),
('84', '6', 'mg', 2),
('84', '7', 'mg', 17),
('84', '8', 'mg', 0),
('84', '9', 'g', 10.6),
('84', '10', 'g', 2.9),
('84', '11', 'g', 1.7),
('85', '1', '', 314.7),
('85', '2', 'g', 100.0),
('85', '3', 'g', 10.1),
('85', '4', 'g', 0.0),
('85', '5', 'g', 10.0),
('85', '6', 'mg', 24),
('85', '7', 'mg', 113),
('85', '8', 'mg', 0),
('85', '9', 'g', 75.6),
('85', '10', 'g', 25.2),
('85', '11', 'g', 0.0),
('86', '1', '', 1.0),
('86', '2', 'g', 100.0),
('86', '3', 'g', 0.0),
('86', '4', 'g', 0.0),
('86', '5', 'g', 0.1),
('86', '6', 'mg', 2),
('86', '7', 'mg', 3),
('86', '8', 'mg', 0),
('86', '9', 'g', 0.0),
('86', '10', 'g', 0.0),
('86', '11', 'g', 0.0),
('87', '1', '', 61.1),
('87', '2', 'g', 100.0),
('87', '3', 'g', 3.2),
('87', '4', 'g', 2.1),
('87', '5', 'g', 3.4),
('87', '6', 'mg', 46),
('87', '7', 'mg', 94),
('87', '8', 'mg', 13),
('87', '9', 'g', 4.6),
('87', '10', 'g', 0.0),
('87', '11', 'g', 4.7),
('88', '1', '', 93.9),
('88', '2', 'g', 100.0),
('88', '3', 'g', 1.5),
('88', '4', 'g', 0.2),
('88', '5', 'g', 3.4),
('88', '6', 'mg', 1),
('88', '7', 'mg', 75),
('88', '8', 'mg', 0),
('88', '9', 'g', 21.0),
('88', '10', 'g', 2.4),
('88', '11', 'g', 4.6),
('91', '1', '', 271.9),
('91', '2', 'g', 100.0),
('91', '3', 'g', 6.6),
('91', '4', 'g', 0.0),
('91', '5', 'g', 13.2),
('91', '6', 'mg', 75),
('91', '7', 'mg', 303),
('91', '8', 'mg', 0),
('91', '9', 'g', 59.7),
('91', '10', 'g', 39.8),
('91', '11', 'g', 3.4),
('92', '1', '', 606.8),
('92', '2', 'g', 100.0),
('92', '3', 'g', 51.7),
('92', '4', 'g', 3.9),
('92', '5', 'g', 20.7),
('92', '6', 'mg', 499),
('92', '7', 'mg', 462),
('92', '8', 'mg', 0),
('92', '9', 'g', 21.1),
('92', '10', 'g', 10.8),
('92', '11', 'g', 4.7),
('94', '1', '', 444.5),
('94', '2', 'g', 100.0),
('94', '3', 'g', 45.6),
('94', '4', 'g', 27.3),
('94', '5', 'g', 4.6),
('94', '6', 'mg', 431),
('94', '7', 'mg', 84),
('94', '8', 'mg', 134),
('94', '9', 'g', 3.0),
('94', '10', 'g', 0.0),
('94', '11', 'g', 2.4),
('95', '1', '', 689.3),
('95', '2', 'g', 100.0),
('95', '3', 'g', 74.7),
('95', '4', 'g', 11.8),
('95', '5', 'g', 0.9),
('95', '6', 'mg', 626),
('95', '7', 'mg', 20),
('95', '8', 'mg', 41),
('95', '9', 'g', 0.6),
('95', '10', 'g', 0.0),
('95', '11', 'g', 0.6),
('96', '1', '', 362.6),
('96', '2', 'g', 100.0),
('96', '3', 'g', 1.0),
('96', '4', 'g', 0.2),
('96', '5', 'g', 10.2),
('96', '6', 'mg', 2),
('96', '7', 'mg', 106),
('96', '8', 'mg', 0),
('96', '9', 'g', 77.0),
('96', '10', 'g', 2.7),
('96', '11', 'g', 0.3),
('97', '1', '', 362.6),
('97', '2', 'g', 100.0),
('97', '3', 'g', 1.0),
('97', '4', 'g', 0.2),
('97', '5', 'g', 10.2),
('97', '6', 'mg', 2),
('97', '7', 'mg', 106),
('97', '8', 'mg', 0),
('97', '9', 'g', 77.0),
('97', '10', 'g', 2.7),
('97', '11', 'g', 0.3),
('98', '1', '', 362.6),
('98', '2', 'g', 100.0),
('98', '3', 'g', 1.0),
('98', '4', 'g', 0.2),
('98', '5', 'g', 10.2),
('98', '6', 'mg', 2),
('98', '7', 'mg', 106),
('98', '8', 'mg', 0),
('98', '9', 'g', 77.0),
('98', '10', 'g', 2.7),
('98', '11', 'g', 0.3),
('99', '1', '', 51.3),
('99', '2', 'g', 100.0),
('99', '3', 'g', 1.9),
('99', '4', 'g', 1.2),
('99', '5', 'g', 3.5),
('99', '6', 'mg', 52),
('99', '7', 'mg', 100),
('99', '8', 'mg', 8),
('99', '9', 'g', 4.9),
('99', '10', 'g', 0.0),
('99', '11', 'g', 0.0),
('100', '1', '', 127.4),
('100', '2', 'g', 100.0),
('100', '3', 'g', 0.3),
('100', '4', 'g', 0.1),
('100', '5', 'g', 2.7),
('100', '6', 'mg', 1),
('100', '7', 'mg', 42),
('100', '8', 'mg', 0),
('100', '9', 'g', 28.4),
('100', '10', 'g', 0.4),
('100', '11', 'g', 0.1),
('101', '1', '', 549.0),
('101', '2', 'g', 100.0),
('101', '3', 'g', 30.2),
('101', '4', 'g', 18.6),
('101', '5', 'g', 7.6),
('101', '6', 'mg', 79),
('101', '7', 'mg', 210),
('101', '8', 'mg', 22),
('101', '9', 'g', 60.0),
('101', '10', 'g', 3.4),
('101', '11', 'g', 51.5),
('102', '1', '', 27.8),
('102', '2', 'g', 100.0),
('102', '3', 'g', 0.2),
('102', '4', 'g', 0.0),
('102', '5', 'g', 0.9),
('102', '6', 'mg', 2),
('102', '7', 'mg', 17),
('102', '8', 'mg', 0),
('102', '9', 'g', 6.8),
('102', '10', 'g', 1.2),
('102', '11', 'g', 4.4),
('103', '1', '', 295.5),
('103', '2', 'g', 100.0),
('103', '3', 'g', 22.6),
('103', '4', 'g', 13.1),
('103', '5', 'g', 22.1),
('103', '6', 'mg', 629),
('103', '7', 'mg', 350),
('103', '8', 'mg', 79),
('103', '9', 'g', 2.2),
('103', '10', 'g', 0.0),
('103', '11', 'g', 1.0),
('104', '1', '', 527.5),
('104', '2', 'g', 100.0),
('104', '3', 'g', 36.4),
('104', '4', 'g', 26.2),
('104', '5', 'g', 5.9),
('104', '6', 'mg', 15),
('104', '7', 'mg', 210),
('104', '8', 'mg', 0),
('104', '9', 'g', 49.0),
('104', '10', 'g', 20.7),
('104', '11', 'g', 3.2),
('105', '1', '', 869.2),
('105', '2', 'g', 100.0),
('105', '3', 'g', 101.2),
('105', '4', 'g', 13.9),
('105', '5', 'g', 0.0),
('105', '6', 'mg', 1),
('105', '7', 'mg', 0),
('105', '8', 'mg', 0),
('105', '9', 'g', 0.0),
('105', '10', 'g', 0.0),
('105', '11', 'g', 0.0),
('106', '1', '', 50.4),
('106', '2', 'g', 100.0),
('106', '3', 'g', 0.1),
('106', '4', 'g', 0.0),
('106', '5', 'g', 0.9),
('106', '6', 'mg', 1),
('106', '7', 'mg', 23),
('106', '8', 'mg', 0),
('106', '9', 'g', 12.4),
('106', '10', 'g', 2.2),
('106', '11', 'g', 8.4),
('107', '1', '', 269.0),
('107', '2', 'g', 100.0),
('107', '3', 'g', 4.0),
('107', '4', 'g', 2.0),
('107', '5', 'g', 9.0),
('107', '6', 'mg', 25),
('107', '7', 'mg', 147),
('107', '8', 'mg', 0),
('107', '9', 'g', 69.1),
('107', '10', 'g', 42.2),
('107', '11', 'g', 4.0),
('108', '1', '', 276.7),
('108', '2', 'g', 100.0),
('108', '3', 'g', 13.3),
('108', '4', 'g', 2.2),
('108', '5', 'g', 14.5),
('108', '6', 'mg', 66),
('108', '7', 'mg', 310),
('108', '8', 'mg', 0),
('108', '9', 'g', 53.2),
('108', '10', 'g', 34.7),
('108', '11', 'g', 10.3),
('109', '1', '', 276.7),
('109', '2', 'g', 100.0),
('109', '3', 'g', 13.3),
('109', '4', 'g', 2.2),
('109', '5', 'g', 14.5),
('109', '6', 'mg', 66),
('109', '7', 'mg', 310),
('109', '8', 'mg', 0),
('109', '9', 'g', 53.2),
('109', '10', 'g', 34.7),
('109', '11', 'g', 10.3),
('110', '1', '', 276.7),
('110', '2', 'g', 100.0),
('110', '3', 'g', 13.3),
('110', '4', 'g', 2.2),
('110', '5', 'g', 14.5),
('110', '6', 'mg', 66),
('110', '7', 'mg', 310),
('110', '8', 'mg', 0),
('110', '9', 'g', 53.2),
('110', '10', 'g', 34.7),
('110', '11', 'g', 10.3),
('111', '1', '', 419.3),
('111', '2', 'g', 100.0),
('111', '3', 'g', 27.6),
('111', '4', 'g', 15.4),
('111', '5', 'g', 28.6),
('111', '6', 'mg', 1811),
('111', '7', 'mg', 635),
('111', '8', 'mg', 85),
('111', '9', 'g', 14.1),
('111', '10', 'g', 0.0),
('111', '11', 'g', 0.0),
('112', '1', '', 369.4),
('112', '2', 'g', 100.0),
('112', '3', 'g', 29.8),
('112', '4', 'g', 19.1),
('112', '5', 'g', 24.2),
('112', '6', 'mg', 596),
('112', '7', 'mg', 441),
('112', '8', 'mg', 90),
('112', '9', 'g', 0.7),
('112', '10', 'g', 0.0),
('112', '11', 'g', 0.5),
('113', '1', '', 36.1),
('113', '2', 'g', 100.0),
('113', '3', 'g', 0.8),
('113', '4', 'g', 0.3),
('113', '5', 'g', 2.9),
('113', '6', 'mg', 56),
('113', '7', 'mg', 58),
('113', '8', 'mg', 0),
('113', '9', 'g', 6.2),
('113', '10', 'g', 3.5),
('113', '11', 'g', 0.8),
('114', '1', '', 674.1),
('114', '2', 'g', 100.0),
('114', '3', 'g', 69.5),
('114', '4', 'g', 4.9),
('114', '5', 'g', 13.7),
('114', '6', 'mg', 1),
('114', '7', 'mg', 569),
('114', '8', 'mg', 0),
('114', '9', 'g', 13.3),
('114', '10', 'g', 3.6),
('114', '11', 'g', 3.6),
('115', '1', '', 265.8),
('115', '2', 'g', 100.0),
('115', '3', 'g', 9.7),
('115', '4', 'g', 4.4),
('115', '5', 'g', 11.4),
('115', '6', 'mg', 592),
('115', '7', 'mg', 214),
('115', '8', 'mg', 17),
('115', '9', 'g', 33.7),
('115', '10', 'g', 2.3),
('115', '11', 'g', 3.6),
('116', '1', '', 258.6),
('116', '2', 'g', 100.0),
('116', '3', 'g', 4.8),
('116', '4', 'g', 0.4),
('116', '5', 'g', 6.2),
('116', '6', 'mg', 358),
('116', '7', 'mg', 67),
('116', '8', 'mg', 0),
('116', '9', 'g', 44.8),
('116', '10', 'g', 1.8),
('116', '11', 'g', 2.0),
('117', '1', '', 348.4),
('117', '2', 'g', 100.0),
('117', '3', 'g', 1.5),
('117', '4', 'g', 0.8),
('117', '5', 'g', 77.9),
('117', '6', 'mg', 158),
('117', '7', 'mg', 1310),
('117', '8', 'mg', 16),
('117', '9', 'g', 6.2),
('117', '10', 'g', 3.1),
('117', '11', 'g', 0.0),
('118', '1', '', 391.1),
('118', '2', 'g', 100.0),
('118', '3', 'g', 0.0),
('118', '4', 'g', 0.0),
('118', '5', 'g', 0.0),
('118', '6', 'mg', 2),
('118', '7', 'mg', 0),
('118', '8', 'mg', 0),
('118', '9', 'g', 98.1),
('118', '10', 'g', 0.0),
('118', '11', 'g', 97.1),
('119', '1', '', 193.1),
('119', '2', 'g', 100.0),
('119', '3', 'g', 7.4),
('119', '4', 'g', 2.2),
('119', '5', 'g', 28.6),
('119', '6', 'mg', 104),
('119', '7', 'mg', 226),
('119', '8', 'mg', 110),
('119', '9', 'g', 0.1),
('119', '10', 'g', 0.0),
('119', '11', 'g', 0.0),
('120', '1', '', 121.8),
('120', '2', 'g', 100.0),
('120', '3', 'g', 1.9),
('120', '4', 'g', 0.2),
('120', '5', 'g', 4.4),
('120', '6', 'mg', 6),
('120', '7', 'mg', 152),
('120', '8', 'mg', 0),
('120', '9', 'g', 21.0),
('120', '10', 'g', 2.8),
('120', '11', 'g', 0.9),
('121', '1', '', 347.4),
('121', '2', 'g', 100.0),
('121', '3', 'g', 35.6),
('121', '4', 'g', 22.9),
('121', '5', 'g', 2.9),
('121', '6', 'mg', 27),
('121', '7', 'mg', 57),
('121', '8', 'mg', 111),
('121', '9', 'g', 2.8),
('121', '10', 'g', 0.0),
('121', '11', 'g', 2.9),
('122', '1', '', 127.4),
('122', '2', 'g', 100.0),
('122', '3', 'g', 0.3),
('122', '4', 'g', 0.1),
('122', '5', 'g', 2.7),
('122', '6', 'mg', 1),
('122', '7', 'mg', 42),
('122', '8', 'mg', 0),
('122', '9', 'g', 28.4),
('122', '10', 'g', 0.4),
('122', '11', 'g', 0.1),
('123', '1', '', 127.4),
('123', '2', 'g', 100.0),
('123', '3', 'g', 0.3),
('123', '4', 'g', 0.1),
('123', '5', 'g', 2.7),
('123', '6', 'mg', 1),
('123', '7', 'mg', 42),
('123', '8', 'mg', 0),
('123', '9', 'g', 28.4),
('123', '10', 'g', 0.4),
('123', '11', 'g', 0.1),
('124', '1', '', 291.9),
('124', '2', 'g', 100.0),
('124', '3', 'g', 19.7),
('124', '4', 'g', 7.8),
('124', '5', 'g', 26.6),
('124', '6', 'mg', 63),
('124', '7', 'mg', 206),
('124', '8', 'mg', 87),
('124', '9', 'g', 0.0),
('124', '10', 'g', 0.0),
('124', '11', 'g', 0.0),
('125', '1', '', 122.4),
('125', '2', 'g', 100.0),
('125', '3', 'g', 3.9),
('125', '4', 'g', 2.1),
('125', '5', 'g', 4.2),
('125', '6', 'mg', 423),
('125', '7', 'mg', 70),
('125', '8', 'mg', 10),
('125', '9', 'g', 15.8),
('125', '10', 'g', 0.4),
('125', '11', 'g', 1.4),
('126', '1', '', 349.6),
('126', '2', 'g', 100.0),
('126', '3', 'g', 1.5),
('126', '4', 'g', 0.2),
('126', '5', 'g', 10.8),
('126', '6', 'mg', 2),
('126', '7', 'mg', 226),
('126', '8', 'mg', 0),
('126', '9', 'g', 74.3),
('126', '10', 'g', 11.9),
('126', '11', 'g', 1.1),
('127', '1', '', 402.2),
('127', '2', 'g', 100.0),
('127', '3', 'g', 0.2),
('127', '4', 'g', 0.0),
('127', '5', 'g', 0.0),
('127', '6', 'mg', 38),
('127', '7', 'mg', 3),
('127', '8', 'mg', 0),
('127', '9', 'g', 98.1),
('127', '10', 'g', 0.0),
('127', '11', 'g', 63.2),
('128', '1', '', 335.6),
('128', '2', 'g', 100.0),
('128', '3', 'g', 14.8),
('128', '4', 'g', 7.5),
('128', '5', 'g', 5.0),
('128', '6', 'mg', 50),
('128', '7', 'mg', 69),
('128', '8', 'mg', 0),
('128', '9', 'g', 64.1),
('128', '10', 'g', 42.0),
('128', '11', 'g', 0.0),
('129', '1', '', 43.7),
('129', '2', 'g', 100.0),
('129', '3', 'g', 0.2),
('129', '4', 'g', 0.0),
('129', '5', 'g', 1.4),
('129', '6', 'mg', 3),
('129', '7', 'mg', 34),
('129', '8', 'mg', 0),
('129', '9', 'g', 10.1),
('129', '10', 'g', 1.4),
('129', '11', 'g', 4.7),
('130', '1', '', 87.3),
('130', '2', 'g', 100.0),
('130', '3', 'g', 0.0),
('130', '4', 'g', 0.0),
('130', '5', 'g', 0.1),
('130', '6', 'mg', 3),
('130', '7', 'mg', 23),
('130', '8', 'mg', 0),
('130', '9', 'g', 2.6),
('130', '10', 'g', 0.0),
('130', '11', 'g', 0.6),
('131', '1', '', 237.0),
('131', '2', 'g', 100.0),
('131', '3', 'g', 0.0),
('131', '4', 'g', 0.0),
('131', '5', 'g', 0.0),
('131', '6', 'mg', 0),
('131', '7', 'mg', 3),
('131', '8', 'mg', 0),
('131', '9', 'g', 0.0),
('131', '10', 'g', 0.0),
('131', '11', 'g', 0.0),
('132', '1', '', 313.2),
('132', '2', 'g', 100.0),
('132', '3', 'g', 13.1),
('132', '4', 'g', 7.1),
('132', '5', 'g', 10.1),
('132', '6', 'mg', 11),
('132', '7', 'mg', 91),
('132', '8', 'mg', 0),
('132', '9', 'g', 60.5),
('132', '10', 'g', 39.9),
('132', '11', 'g', 1.4),
('133', '1', '', 0.0),
('133', '2', 'g', 100.0),
('133', '3', 'g', 0.0),
('133', '4', 'g', 0.0),
('133', '5', 'g', 0.0),
('133', '6', 'mg', 38395),
('133', '7', 'mg', 0),
('133', '8', 'mg', 0),
('133', '9', 'g', 0.0),
('133', '10', 'g', 0.0),
('133', '11', 'g', 0.0),
('134', '1', '', 48.8),
('134', '2', 'g', 100.0),
('134', '3', 'g', 1.6),
('134', '4', 'g', 0.2),
('134', '5', 'g', 1.4),
('134', '6', 'mg', 438),
('134', '7', 'mg', 34),
('134', '8', 'mg', 2),
('134', '9', 'g', 7.5),
('134', '10', 'g', 1.8),
('134', '11', 'g', 5.0),
('135', '1', '', 192.5),
('135', '2', 'g', 100.0),
('135', '3', 'g', 19.6),
('135', '4', 'g', 10.1),
('135', '5', 'g', 2.4),
('135', '6', 'mg', 30),
('135', '7', 'mg', 76),
('135', '8', 'mg', 58),
('135', '9', 'g', 4.7),
('135', '10', 'g', 0.0),
('135', '11', 'g', 3.4),
('136', '1', '', 393.9),
('136', '2', 'g', 100.0),
('136', '3', 'g', 33.0),
('136', '4', 'g', 18.9),
('136', '5', 'g', 22.7),
('136', '6', 'mg', 661),
('136', '7', 'mg', 459),
('136', '8', 'mg', 100),
('136', '9', 'g', 3.2),
('136', '10', 'g', 0.0),
('136', '11', 'g', 0.5),
('138', '1', '', 141.6),
('138', '2', 'g', 100.0),
('138', '3', 'g', 5.1),
('138', '4', 'g', 0.9),
('138', '5', 'g', 22.2),
('138', '6', 'mg', 968),
('138', '7', 'mg', 305),
('138', '8', 'mg', 64),
('138', '9', 'g', 1.0),
('138', '10', 'g', 0.0),
('138', '11', 'g', 1.1),
('139', '1', '', 260.9),
('139', '2', 'g', 100.0),
('139', '3', 'g', 22.0),
('139', '4', 'g', 13.7),
('139', '5', 'g', 3.1),
('139', '6', 'mg', 8),
('139', '7', 'mg', 87),
('139', '8', 'mg', 77),
('139', '9', 'g', 12.7),
('139', '10', 'g', 0.0),
('139', '11', 'g', 8.1),
('140', '1', '', 30.0),
('140', '2', 'g', 100.0),
('140', '3', 'g', 0.7),
('140', '4', 'g', 0.0),
('140', '5', 'g', 3.4),
('140', '6', 'mg', 2),
('140', '7', 'mg', 57),
('140', '8', 'mg', 0),
('140', '9', 'g', 4.3),
('140', '10', 'g', 2.7),
('140', '11', 'g', 2.0),
('141', '1', '', 28.0),
('141', '2', 'g', 100.0),
('141', '3', 'g', 0.5),
('141', '4', 'g', 0.1),
('141', '5', 'g', 2.1),
('141', '6', 'mg', 1),
('141', '7', 'mg', 87),
('141', '8', 'mg', 0),
('141', '9', 'g', 5.3),
('141', '10', 'g', 2.1),
('141', '11', 'g', 2.3),
('142', '1', '', 245.3),
('142', '2', 'g', 100.0),
('142', '3', 'g', 3.0),
('142', '4', 'g', 1.3),
('142', '5', 'g', 10.5),
('142', '6', 'mg', 20),
('142', '7', 'mg', 158),
('142', '8', 'mg', 0),
('142', '9', 'g', 64.1),
('142', '10', 'g', 24.8),
('142', '11', 'g', 0.4),
('143', '1', '', 294.6),
('143', '2', 'g', 100.0),
('143', '3', 'g', 21.4),
('143', '4', 'g', 7.9),
('143', '5', 'g', 23.1),
('143', '6', 'mg', 67),
('143', '7', 'mg', 212),
('143', '8', 'mg', 91),
('143', '9', 'g', 0.0),
('143', '10', 'g', 0.0),
('143', '11', 'g', 0.0),
('144', '1', '', 399.9),
('144', '2', 'g', 100.0),
('144', '3', 'g', 5.4),
('144', '4', 'g', 1.2),
('144', '5', 'g', 13.3),
('144', '6', 'mg', 717),
('144', '7', 'mg', 166),
('144', '8', 'mg', 0),
('144', '9', 'g', 71.4),
('144', '10', 'g', 4.5),
('144', '11', 'g', 6.2),
('145', '1', '', 58.3),
('145', '2', 'g', 100.0),
('145', '3', 'g', 3.4),
('145', '4', 'g', 0.2),
('145', '5', 'g', 3.8),
('145', '6', 'mg', 1125),
('145', '7', 'mg', 106),
('145', '8', 'mg', 0),
('145', '9', 'g', 5.7),
('145', '10', 'g', 4.0),
('145', '11', 'g', 1.0),
('147', '1', '', 858.8),
('147', '2', 'g', 100.0),
('147', '3', 'g', 100.6),
('147', '4', 'g', 14.1),
('147', '5', 'g', 0.0),
('147', '6', 'mg', 0),
('147', '7', 'mg', 0),
('147', '8', 'mg', 0),
('147', '9', 'g', 0.0),
('147', '10', 'g', 0.0),
('147', '11', 'g', 0.0),
('148', '1', '', 53.0),
('148', '2', 'g', 100.0),
('148', '3', 'g', 0.6),
('148', '4', 'g', 0.1),
('148', '5', 'g', 8.1),
('148', '6', 'mg', 5415),
('148', '7', 'mg', 167),
('148', '8', 'mg', 0),
('148', '9', 'g', 4.8),
('148', '10', 'g', 0.8),
('148', '11', 'g', 0.4),
('149', '1', '', 198.7),
('149', '2', 'g', 100.0),
('149', '3', 'g', 19.5),
('149', '4', 'g', 10.2),
('149', '5', 'g', 2.4),
('149', '6', 'mg', 30),
('149', '7', 'mg', 76),
('149', '8', 'mg', 58),
('149', '9', 'g', 4.7),
('149', '10', 'g', 0.0),
('149', '11', 'g', 3.4),
('150', '1', '', 154.1),
('150', '2', 'g', 100.0),
('150', '3', 'g', 0.6),
('150', '4', 'g', 0.1),
('150', '5', 'g', 5.3),
('150', '6', 'mg', 4),
('150', '7', 'mg', 75),
('150', '8', 'mg', 0),
('150', '9', 'g', 30.6),
('150', '10', 'g', 1.3),
('150', '11', 'g', 1.1),
('151', '1', '', 466.4),
('151', '2', 'g', 100.0),
('151', '3', 'g', 34.9),
('151', '4', 'g', 12.0),
('151', '5', 'g', 34.0),
('151', '6', 'mg', 1674),
('151', '7', 'mg', 380),
('151', '8', 'mg', 98),
('151', '9', 'g', 1.7),
('151', '10', 'g', 0.0),
('151', '11', 'g', 0.0),
('153', '1', '', 91.2),
('153', '2', 'g', 100.0),
('153', '3', 'g', 0.9),
('153', '4', 'g', 0.0),
('153', '5', 'g', 2.0),
('153', '6', 'mg', 2135),
('153', '7', 'mg', 45),
('153', '8', 'mg', 0),
('153', '9', 'g', 19.0),
('153', '10', 'g', 2.1),
('153', '11', 'g', 15.0),
('154', '1', '', 405.3),
('154', '2', 'g', 100.0),
('154', '3', 'g', 17.4),
('154', '4', 'g', 5.6),
('154', '5', 'g', 1.1),
('154', '6', 'mg', 186),
('154', '7', 'mg', 78),
('154', '8', 'mg', 0),
('154', '9', 'g', 62.2),
('154', '10', 'g', 0.9),
('154', '11', 'g', 57.5),
('155', '1', '', 273.4),
('155', '2', 'g', 100.0),
('155', '3', 'g', 18.8),
('155', '4', 'g', 7.3),
('155', '5', 'g', 26.0),
('155', '6', 'mg', 52),
('155', '7', 'mg', 194),
('155', '8', 'mg', 95),
('155', '9', 'g', 0.0),
('155', '10', 'g', 0.0),
('155', '11', 'g', 0.0),
('156', '1', '', 362.6),
('156', '2', 'g', 100.0),
('156', '3', 'g', 1.0),
('156', '4', 'g', 0.2),
('156', '5', 'g', 10.2),
('156', '6', 'mg', 2),
('156', '7', 'mg', 106),
('156', '8', 'mg', 0),
('156', '9', 'g', 77.0),
('156', '10', 'g', 2.7),
('156', '11', 'g', 0.3),
('157', '1', '', 24.6),
('157', '2', 'g', 100.0),
('157', '3', 'g', 1.0),
('157', '4', 'g', 0.3),
('157', '5', 'g', 1.3),
('157', '6', 'mg', 343),
('157', '7', 'mg', 16),
('157', '8', 'mg', 4),
('157', '9', 'g', 2.9),
('157', '10', 'g', 0.2),
('157', '11', 'g', 0.3),
('158', '1', '', 24.6),
('158', '2', 'g', 100.0),
('158', '3', 'g', 1.0),
('158', '4', 'g', 0.3),
('158', '5', 'g', 1.3),
('158', '6', 'mg', 343),
('158', '7', 'mg', 16),
('158', '8', 'mg', 4),
('158', '9', 'g', 2.9),
('158', '10', 'g', 0.2),
('158', '11', 'g', 0.3),
('159', '1', '', 77.5),
('159', '2', 'g', 100.0),
('159', '3', 'g', 0.1),
('159', '4', 'g', 0.0),
('159', '5', 'g', 1.4),
('159', '6', 'mg', 26),
('159', '7', 'mg', 32),
('159', '8', 'mg', 0),
('159', '9', 'g', 17.5),
('159', '10', 'g', 2.5),
('159', '11', 'g', 5.8),
('160', '1', '', 10.8),
('160', '2', 'g', 100.0),
('160', '3', 'g', 0.4),
('160', '4', 'g', 0.0),
('160', '5', 'g', 0.4),
('160', '6', 'mg', 2652),
('160', '7', 'mg', 11),
('160', '8', 'mg', 0),
('160', '9', 'g', 1.7),
('160', '10', 'g', 0.2),
('160', '11', 'g', 1.3),
('161', '1', '', 102.7),
('161', '2', 'g', 100.0),
('161', '3', 'g', 1.2),
('161', '4', 'g', 0.0),
('161', '5', 'g', 5.0),
('161', '6', 'mg', 8),
('161', '7', 'mg', 106),
('161', '8', 'mg', 0),
('161', '9', 'g', 25.1),
('161', '10', 'g', 13.6),
('161', '11', 'g', 0.0),
('162', '1', '', 81.7),
('162', '2', 'g', 100.0),
('162', '3', 'g', 5.2),
('162', '4', 'g', 0.9),
('162', '5', 'g', 10.0),
('162', '6', 'mg', 3),
('162', '7', 'mg', 111),
('162', '8', 'mg', 0),
('162', '9', 'g', 1.2),
('162', '10', 'g', 1.0),
('162', '11', 'g', 0.7),
('163', '1', '', 18.5),
('163', '2', 'g', 100.0),
('163', '3', 'g', 0.2),
('163', '4', 'g', 0.0),
('163', '5', 'g', 0.9),
('163', '6', 'mg', 5),
('163', '7', 'mg', 23),
('163', '8', 'mg', 0),
('163', '9', 'g', 3.9),
('163', '10', 'g', 1.2),
('163', '11', 'g', 2.6),
('164', '1', '', 18.2),
('164', '2', 'g', 100.0),
('164', '3', 'g', 0.2),
('164', '4', 'g', 0.0),
('164', '5', 'g', 0.9),
('164', '6', 'mg', 4),
('164', '7', 'mg', 23),
('164', '8', 'mg', 0),
('164', '9', 'g', 3.9),
('164', '10', 'g', 1.2),
('164', '11', 'g', 2.6),
('165', '1', '', 24.6),
('165', '2', 'g', 100.0),
('165', '3', 'g', 0.3),
('165', '4', 'g', 0.0),
('165', '5', 'g', 1.2),
('165', '6', 'mg', 472),
('165', '7', 'mg', 26),
('165', '8', 'mg', 0),
('165', '9', 'g', 5.4),
('165', '10', 'g', 1.5),
('165', '11', 'g', 3.6),
('166', '1', '', 133.3),
('166', '2', 'g', 100.0),
('166', '3', 'g', 0.6),
('166', '4', 'g', 0.2),
('166', '5', 'g', 29.4),
('166', '6', 'mg', 54),
('166', '7', 'mg', 331),
('166', '8', 'mg', 46),
('166', '9', 'g', 0.0),
('166', '10', 'g', 0.0),
('166', '11', 'g', 0.0),
('167', '1', '', 292.9),
('167', '2', 'g', 100.0),
('167', '3', 'g', 0.0),
('167', '4', 'g', 0.0),
('167', '5', 'g', 0.0),
('167', '6', 'mg', 9),
('167', '7', 'mg', 6),
('167', '8', 'mg', 0),
('167', '9', 'g', 12.7),
('167', '10', 'g', 0.0),
('167', '11', 'g', 12.7),
('168', '1', '', 282.7),
('168', '2', 'g', 100.0),
('168', '3', 'g', 0.0),
('168', '4', 'g', 0.0),
('168', '5', 'g', 0.0),
('168', '6', 'mg', 9),
('168', '7', 'mg', 5),
('168', '8', 'mg', 0),
('168', '9', 'g', 12.6),
('168', '10', 'g', 0.0),
('168', '11', 'g', 12.7),
('169', '1', '', 396.4),
('169', '2', 'g', 100.0),
('169', '3', 'g', 0.0),
('169', '4', 'g', 0.0),
('169', '5', 'g', 0.0),
('169', '6', 'mg', 1),
('169', '7', 'mg', 0),
('169', '8', 'mg', 0),
('169', '9', 'g', 97.8),
('169', '10', 'g', 0.0),
('169', '11', 'g', 99.3),
('170', '1', '', 46.5),
('170', '2', 'g', 100.0),
('170', '3', 'g', 0.4),
('170', '4', 'g', 0.0),
('170', '5', 'g', 1.0),
('170', '6', 'mg', 1),
('170', '7', 'mg', 21),
('170', '8', 'mg', 0),
('170', '9', 'g', 11.1),
('170', '10', 'g', 3.9),
('170', '11', 'g', 6.1),
('171', '1', '', 664.8),
('171', '2', 'g', 100.0),
('171', '3', 'g', 64.5),
('171', '4', 'g', 5.9),
('171', '5', 'g', 15.2),
('171', '6', 'mg', 2),
('171', '7', 'mg', 350),
('171', '8', 'mg', 0),
('171', '9', 'g', 13.6),
('171', '10', 'g', 6.9),
('171', '11', 'g', 2.4),
('172', '1', '', 0.0),
('172', '2', 'g', 100.0),
('172', '3', 'g', 0.0),
('172', '4', 'g', 0.0),
('172', '5', 'g', 0.0),
('172', '6', 'mg', 4),
('172', '7', 'mg', 0),
('172', '8', 'mg', 0),
('172', '9', 'g', 0.0),
('172', '10', 'g', 0.0),
('172', '11', 'g', 0.0),
('173', '1', '', 548.7),
('173', '2', 'g', 100.0),
('173', '3', 'g', 31.7),
('173', '4', 'g', 19.5),
('173', '5', 'g', 5.9),
('173', '6', 'mg', 89),
('173', '7', 'mg', 178),
('173', '8', 'mg', 21),
('173', '9', 'g', 58.1),
('173', '10', 'g', 0.2),
('173', '11', 'g', 59.4),
('174', '1', '', 248.5),
('174', '2', 'g', 100.0),
('174', '3', 'g', 3.0),
('174', '4', 'g', 1.3),
('174', '5', 'g', 10.5),
('174', '6', 'mg', 19),
('174', '7', 'mg', 160),
('174', '8', 'mg', 0),
('174', '9', 'g', 63.1),
('174', '10', 'g', 25.4),
('174', '11', 'g', 0.4),
('175', '1', '', 84.2),
('175', '2', 'g', 100.0),
('175', '3', 'g', 0.0),
('175', '4', 'g', 0.0),
('175', '5', 'g', 0.1),
('175', '6', 'mg', 4),
('175', '7', 'mg', 18),
('175', '8', 'mg', 0),
('175', '9', 'g', 2.6),
('175', '10', 'g', 0.0),
('175', '11', 'g', 1.0),
('176', '1', '', 326.4),
('176', '2', 'g', 100.0),
('176', '3', 'g', 7.2),
('176', '4', 'g', 1.7),
('176', '5', 'g', 8.7),
('176', '6', 'mg', 475),
('176', '7', 'mg', 125),
('176', '8', 'mg', 0),
('176', '9', 'g', 55.9),
('176', '10', 'g', 3.3),
('176', '11', 'g', 0.0),
('177', '1', '', 321.9),
('177', '2', 'g', 100.0),
('177', '3', 'g', 26.9),
('177', '4', 'g', 8.8),
('177', '5', 'g', 18.4),
('177', '6', 'mg', 815),
('177', '7', 'mg', 146),
('177', '8', 'mg', 87),
('177', '9', 'g', 1.4),
('177', '10', 'g', 0.0),
('177', '11', 'g', 1.1),
('178', '1', '', 63.1),
('178', '2', 'g', 100.0),
('178', '3', 'g', 1.6),
('178', '4', 'g', 1.0),
('178', '5', 'g', 5.2),
('178', '6', 'mg', 69),
('178', '7', 'mg', 141),
('178', '8', 'mg', 6),
('178', '9', 'g', 7.1),
('178', '10', 'g', 0.0),
('178', '11', 'g', 7.1),
('179', '1', '', 540.2),
('179', '2', 'g', 100.0),
('179', '3', 'g', 29.4),
('179', '4', 'g', 18.6),
('179', '5', 'g', 7.8),
('179', '6', 'mg', 78),
('179', '7', 'mg', 206),
('179', '8', 'mg', 23),
('179', '9', 'g', 58.9),
('179', '10', 'g', 3.4),
('179', '11', 'g', 51.4),
('180', '1', '', 333.4),
('180', '2', 'g', 100.0),
('180', '3', 'g', 1.9),
('180', '4', 'g', 0.3),
('180', '5', 'g', 15.4),
('180', '6', 'mg', 1),
('180', '7', 'mg', 330),
('180', '8', 'mg', 0),
('180', '9', 'g', 69.2),
('180', '10', 'g', 12.3),
('180', '11', 'g', 0.4),
('181', '1', '', 247.4),
('181', '2', 'g', 100.0),
('181', '3', 'g', 1.1),
('181', '4', 'g', 0.4),
('181', '5', 'g', 3.9),
('181', '6', 'mg', 10),
('181', '7', 'mg', 64),
('181', '8', 'mg', 0),
('181', '9', 'g', 80.4),
('181', '10', 'g', 53.8),
('181', '11', 'g', 2.3),
('182', '1', '', 29.0),
('182', '2', 'g', 100.0),
('182', '3', 'g', 0.3),
('182', '4', 'g', 0.0),
('182', '5', 'g', 1.1),
('182', '6', 'mg', 2),
('182', '7', 'mg', 15),
('182', '8', 'mg', 0),
('182', '9', 'g', 9.3),
('182', '10', 'g', 2.7),
('182', '11', 'g', 2.5),
('183', '1', '', 105.9),
('183', '2', 'g', 100.0),
('183', '3', 'g', 1.0),
('183', '4', 'g', 1.0),
('183', '5', 'g', 4.2),
('183', '6', 'mg', 22219),
('183', '7', 'mg', 65),
('183', '8', 'mg', 0),
('183', '9', 'g', 27.8),
('183', '10', 'g', 10.5),
('183', '11', 'g', 0.0),
('184', '1', '', 38.9),
('184', '2', 'g', 100.0),
('184', '3', 'g', 0.0),
('184', '4', 'g', 0.0),
('184', '5', 'g', 0.1),
('184', '6', 'mg', 3),
('184', '7', 'mg', 2),
('184', '8', 'mg', 0),
('184', '9', 'g', 10.6),
('184', '10', 'g', 0.0),
('184', '11', 'g', 10.0),
('185', '1', '', 16.5),
('185', '2', 'g', 100.0),
('185', '3', 'g', 0.0),
('185', '4', 'g', 0.0),
('185', '5', 'g', 0.4),
('185', '6', 'mg', 23),
('185', '7', 'mg', 9),
('185', '8', 'mg', 0),
('185', '9', 'g', 5.5),
('185', '10', 'g', 0.8),
('185', '11', 'g', 1.6),
('186', '1', '', 47.9),
('186', '2', 'g', 100.0),
('186', '3', 'g', 0.3),
('186', '4', 'g', 0.0),
('186', '5', 'g', 1.5),
('186', '6', 'mg', 6),
('186', '7', 'mg', 12),
('186', '8', 'mg', 0),
('186', '9', 'g', 15.7),
('186', '10', 'g', 10.8),
('186', '11', 'g', 4.1),
('187', '1', '', 15.4),
('187', '2', 'g', 100.0),
('187', '3', 'g', 0.4),
('187', '4', 'g', 0.1),
('187', '5', 'g', 1.1),
('187', '6', 'mg', 2),
('187', '7', 'mg', 36),
('187', '8', 'mg', 0),
('187', '9', 'g', 2.7),
('187', '10', 'g', 1.0),
('187', '11', 'g', 1.7),
('188', '1', '', 385.6),
('188', '2', 'g', 100.0),
('188', '3', 'g', 0.0),
('188', '4', 'g', 0.0),
('188', '5', 'g', 0.0),
('188', '6', 'mg', 0),
('188', '7', 'mg', 0),
('188', '8', 'mg', 0),
('188', '9', 'g', 99.8),
('188', '10', 'g', 0.0),
('188', '11', 'g', 100.1),
('189', '1', '', 44.7),
('189', '2', 'g', 100.0),
('189', '3', 'g', 0.2),
('189', '4', 'g', 0.0),
('189', '5', 'g', 1.4),
('189', '6', 'mg', 2),
('189', '7', 'mg', 35),
('189', '8', 'mg', 0),
('189', '9', 'g', 10.1),
('189', '10', 'g', 1.4),
('189', '11', 'g', 4.7),
('190', '1', '', 156.0),
('190', '2', 'g', 100.0),
('190', '3', 'g', 0.9),
('190', '4', 'g', 0.2),
('190', '5', 'g', 5.7),
('190', '6', 'mg', 1),
('190', '7', 'mg', 58),
('190', '8', 'mg', 0),
('190', '9', 'g', 31.3),
('190', '10', 'g', 1.8),
('190', '11', 'g', 0.6);

SET REFERENTIAL_INTEGRITY TRUE;
