
SET REFERENTIAL_INTEGRITY FALSE;

DELETE FROM "Ingredient_Allergen" WHERE "Ingredient_Allergen"."ingredient_id" <= 190;
DELETE FROM "Ingredient" WHERE "Ingredient"."id" <= 190;
DELETE FROM "Allergen" WHERE "Allergen"."id" IN ('A', 'B', 'C', 'D', 'E', 'F', 'G', 'H', 'L', 'M', 'N', 'O', 'P', 'R');

INSERT INTO "Allergen" ("id", "name", "description") VALUES
    ('A', 'Glutenhaltiges Getreide', 'Weizen, Roggen, Gerste, Hafer, Dinkel, Kamut oder Hybridstämme davon'),
    ('B', 'Krebstiere', NULL),
    ('C', 'Eier', NULL),
    ('D', 'Fische', NULL),
    ('E', 'Erdnüsse', NULL),
    ('F', 'Soja', NULL),
    ('G', 'Milch', 'Milch von Säugetieren wie Kuh, Schaf, Ziege, Pferd und Esel und daraus gewonnene Erzeugnisse (einschließlich Laktose)'),
    ('H', 'Schalenfrüchte', 'Mandeln, Haselnüsse, Walnüsse, Cashewnüsse, Pekannüsse, Paranüsse, Pistazien, Macadamianüsse'),
    ('L', 'Sellerie', NULL),
    ('M', 'Senf', NULL),
    ('N', 'Sesam', NULL),
    ('O', 'Schwefeldioxid und Sulfite', 'in Konzentration von mehr als 10 mg/kg oder 10 mg/l als insgesamt vorhandenes Schwefeldioxid'),
    ('P', 'Lupinen', NULL),
    ('R', 'Weichtiere', NULL);

INSERT INTO "Ingredient" ("id", "name") VALUES ('1', 'Ananas'),
                                               ('2', 'Backkakao'),
                                               ('3', 'Backpulver'),
                                               ('4', 'Basilikum'),
                                               ('5', 'Basmatireis'),
                                               ('6', 'Bergkäse'),
                                               ('7', 'Blattspinat'),
                                               ('8', 'Blätterteig glutenfrei'),
                                               ('9', 'Bratschinken'),
                                               ('10', 'Bratöl'),
                                               ('11', 'brauner Zucker'),
                                               ('12', 'Braunhirse'),
                                               ('13', 'Brokkoli'),
                                               ('14', 'Butter'),
                                               ('15', 'Cashewkerne'),
                                               ('16', 'Champignon'),
                                               ('17', 'Cheddar'),
                                               ('18', 'Chillipulver'),
                                               ('19', 'Chremespinat gefroren'),
                                               ('20', 'Dosen-Thunfisch'),
                                               ('21', 'Dotter'),
                                               ('22', 'Eckerlkäse'),
                                               ('23', 'Ei'),
                                               ('24', 'Eierlikör'),
                                               ('25', 'Eiweiß'),
                                               ('26', 'Emmentaler'),
                                               ('27', 'Erbsen'),
                                               ('28', 'Erdmandel'),
                                               ('29', 'Erdnüsse'),
                                               ('30', 'Erdäpfel'),
                                               ('31', 'Faschiertes'),
                                               ('32', 'Feta'),
                                               ('33', 'Frankfurter'),
                                               ('34', 'frischer Koriander'),
                                               ('35', 'frisches Basilikum Blatt'),
                                               ('36', 'Frischkäse'),
                                               ('37', 'gefrorene Schupfnudeln'),
                                               ('38', 'gefrorener Dill'),
                                               ('39', 'Gemüsebrühe'),
                                               ('40', 'geriebene Gewürznelken'),
                                               ('41', 'Germ'),
                                               ('42', 'geschnittene Tomaten (Dose)'),
                                               ('43', 'Gouda'),
                                               ('44', 'Gries'),
                                               ('45', 'Grillgemüse gefroren'),
                                               ('46', 'große Tomaten'),
                                               ('47', 'Haferflocken'),
                                               ('48', 'Hirse'),
                                               ('49', 'Hokkaido-Kürbis'),
                                               ('50', 'Honig'),
                                               ('51', 'Huhn'),
                                               ('52', 'Hühnerbrust'),
                                               ('53', 'Hühnerbrühe'),
                                               ('54', 'Ingwer'),
                                               ('55', 'Italienische Gewürzmischung'),
                                               ('56', 'Jalapeno'),
                                               ('57', 'Joghurt'),
                                               ('58', 'Jungzwiebel'),
                                               ('59', 'Kaffee'),
                                               ('60', 'Kakao'),
                                               ('61', 'Kakaobutter'),
                                               ('62', 'Kakaopulver'),
                                               ('63', 'Kalua Kaffee Likör'),
                                               ('64', 'Kardamon'),
                                               ('65', 'Karotten'),
                                               ('66', 'Kartoffel meelig'),
                                               ('67', 'kleine Tomaten'),
                                               ('68', 'Knoblauch'),
                                               ('69', 'Knoblauchpulver/granulat'),
                                               ('70', 'Kokosmilch'),
                                               ('71', 'Kokosstücke'),
                                               ('72', 'Koreander'),
                                               ('73', 'Kreuzkümmel'),
                                               ('74', 'Kristallzucker'),
                                               ('75', 'Kräuter-Gewürzmischung'),
                                               ('76', 'Kümmel'),
                                               ('77', 'Kürbis'),
                                               ('78', 'Kürbiskernöl'),
                                               ('79', 'Käse'),
                                               ('80', 'Lachs'),
                                               ('81', 'Lauch'),
                                               ('82', 'Lauch/Jungzwiebel'),
                                               ('83', 'Lebkuchengewürz'),
                                               ('84', 'Limetten'),
                                               ('85', 'Lorbeerblatt'),
                                               ('86', 'Löskaffeepulver'),
                                               ('87', 'Magertopfen'),
                                               ('88', 'Mais'),
                                               ('89', 'Maiskolben'),
                                               ('90', 'Maizena'),
                                               ('91', 'Majoran '),
                                               ('92', 'Mandeln'),
                                               ('93', 'Mandlen gemahlen'),
                                               ('94', 'Mascarpone'),
                                               ('95', 'Mayonnaise'),
                                               ('96', 'Mehl'),
                                               ('97', 'Mehl Glutenfrei'),
                                               ('98', 'Mehl griffig'),
                                               ('99', 'Milch'),
                                               ('100', 'Milchreis Reis'),
                                               ('101', 'Milchschokolade'),
                                               ('102', 'milde rote Pfefferschoten'),
                                               ('103', 'Mozzarella'),
                                               ('104', 'Muskatnuss'),
                                               ('105', 'Olivenöl'),
                                               ('106', 'Orange'),
                                               ('107', 'Oregano'),
                                               ('108', 'Paprika'),
                                               ('109', 'Paprika Rot'),
                                               ('110', 'Paprikapulver'),
                                               ('111', 'Parmesan'),
                                               ('112', 'Pepper Jack'),
                                               ('113', 'Petersilie'),
                                               ('114', 'Pinienkerne'),
                                               ('115', 'Pizzakäse'),
                                               ('116', 'Pizzateig'),
                                               ('117', 'Proteinpulver'),
                                               ('118', 'Puderzucker'),
                                               ('119', 'Putengeschnetzeltes'),
                                               ('120', 'Quinoa'),
                                               ('121', 'Rahm'),
                                               ('122', 'Reis'),
                                               ('123', 'Reis Vollkorn'),
                                               ('124', 'Rindfleisch'),
                                               ('125', 'Risottoreis'),
                                               ('126', 'Roggenmehl'),
                                               ('127', 'Rohrzucker'),
                                               ('128', 'Rosmarin'),
                                               ('129', 'rote Zwiebel'),
                                               ('130', 'Rotwein'),
                                               ('131', 'Rum'),
                                               ('132', 'Salbei'),
                                               ('133', 'Salz'),
                                               ('134', 'Sauce Tartare'),
                                               ('135', 'Sauerrahm'),
                                               ('136', 'Schafkäse'),
                                               ('137', 'Scharfmacher'),
                                               ('138', 'Schinken'),
                                               ('139', 'Schlagobers'),
                                               ('140', 'Schnittlauch'),
                                               ('141', 'Schwammerl'),
                                               ('142', 'schwarzer Pfeffer'),
                                               ('143', 'Schweinsbraten'),
                                               ('144', 'Semmelbrösel'),
                                               ('145', 'Senf mild'),
                                               ('146', 'Sesam'),
                                               ('147', 'Sesamöl'),
                                               ('148', 'Sojasauce'),
                                               ('149', 'Sour Creme'),
                                               ('150', 'Spaghetti'),
                                               ('151', 'Speck'),
                                               ('152', 'Speisesoda'),
                                               ('153', 'Sriracha Sauce'),
                                               ('154', 'Staubzucker'),
                                               ('155', 'Steak'),
                                               ('156', 'Stärkemehl'),
                                               ('157', 'Suppengewürz'),
                                               ('158', 'Suppengrün'),
                                               ('159', 'Süßkartoffel'),
                                               ('160', 'Tabasco'),
                                               ('161', 'Thymian'),
                                               ('162', 'Tofu'),
                                               ('163', 'Tomaten'),
                                               ('164', 'Tomatenmark'),
                                               ('165', 'Tomatensauce'),
                                               ('166', 'Tunfisch'),
                                               ('167', 'Vanilleextrakt'),
                                               ('168', 'Vanilleschote'),
                                               ('169', 'Vanillezucker'),
                                               ('170', 'Wacholderbeeren'),
                                               ('171', 'Walnüsse'),
                                               ('172', 'Wasser'),
                                               ('173', 'weiße Schokolade'),
                                               ('174', 'weißer Pfeffer'),
                                               ('175', 'Weißwein'),
                                               ('176', 'Wraps'),
                                               ('177', 'Wurst'),
                                               ('178', 'Yoghurt'),
                                               ('179', 'Zartbitter Schokolade'),
                                               ('180', 'Zartweizen'),
                                               ('181', 'Zimt'),
                                               ('182', 'Zitrone'),
                                               ('183', 'Zitronen Pfeffer'),
                                               ('184', 'Zitronenlimonade'),
                                               ('185', 'Zitronensaft'),
                                               ('186', 'Zitronenschale'),
                                               ('187', 'Zucchini'),
                                               ('188', 'Zucker'),
                                               ('189', 'Zwiebel'),
                                               ('190', 'Nudeln');

INSERT INTO "Ingredient_Allergen" ("ingredient_id", "allergen_id") VALUES ('6', 'G'),
                                                                          ('8', 'A'),
                                                                          ('14', 'G'),
                                                                          ('15', 'H'),
                                                                          ('17', 'G'),
                                                                          ('20', 'D'),
                                                                          ('21', 'C'),
                                                                          ('22', 'G'),
                                                                          ('23', 'C'),
                                                                          ('24', 'C'),
                                                                          ('25', 'C'),
                                                                          ('26', 'G'),
                                                                          ('27', 'H'),
                                                                          ('29', 'H'),
                                                                          ('32', 'G'),
                                                                          ('36', 'G'),
                                                                          ('37', 'A'),
                                                                          ('37', 'C'),
                                                                          ('43', 'G'),
                                                                          ('45', 'A'),
                                                                          ('45', 'C'),
                                                                          ('45', 'G'),
                                                                          ('57', 'G'),
                                                                          ('79', 'G'),
                                                                          ('80', 'D'),
                                                                          ('87', 'G'),
                                                                          ('92', 'H'),
                                                                          ('93', 'H'),
                                                                          ('94', 'G'),
                                                                          ('95', 'C'),
                                                                          ('95', 'M'),
                                                                          ('96', 'A'),
                                                                          ('98', 'A'),
                                                                          ('99', 'G'),
                                                                          ('101', 'G'),
                                                                          ('103', 'G'),
                                                                          ('111', 'C'),
                                                                          ('111', 'G'),
                                                                          ('112', 'G'),
                                                                          ('115', 'G'),
                                                                          ('116', 'A'),
                                                                          ('116', 'C'),
                                                                          ('121', 'G'),
                                                                          ('126', 'A'),
                                                                          ('134', 'C'),
                                                                          ('134', 'M'),
                                                                          ('135', 'G'),
                                                                          ('136', 'G'),
                                                                          ('144', 'A'),
                                                                          ('145', 'M'),
                                                                          ('146', 'N'),
                                                                          ('147', 'N'),
                                                                          ('148', 'F'),
                                                                          ('149', 'E'),
                                                                          ('149', 'G'),
                                                                          ('149', 'M'),
                                                                          ('149', 'O'),
                                                                          ('150', 'A'),
                                                                          ('150', 'C'),
                                                                          ('150', 'L'),
                                                                          ('153', 'M'),
                                                                          ('153', 'F'),
                                                                          ('162', 'F'),
                                                                          ('166', 'D'),
                                                                          ('171', 'H'),
                                                                          ('173', 'G'),
                                                                          ('176', 'A'),
                                                                          ('178', 'G'),
                                                                          ('179', 'G'),
                                                                          ('190', 'A'),
                                                                          ('190', 'P');

SET REFERENTIAL_INTEGRITY TRUE;
